{
    "a": {
        "BoxNumber : 0 : Scale": [
            1.0,
            1.0,
            1.0
        ],
        "BoxNumber : 0 : Translate": [
            4.5,
            0.0,
            0.0
        ],
        "BoxNumber : 1 : Scale": [
            1.0,
            1.0,
            1.0
        ],
        "BoxNumber : 1 : Translate": [
            7.300000190734863,
            0.0,
            0.0
        ],
        "BoxNumber : 2 : Scale": [
            1.0,
            1.0,
            1.0
        ],
        "BoxNumber : 2 : Translate": [
            9.199999809265137,
            0.0,
            0.0
        ],
        "Confirmation : ": 3
    }
}
