{
    "a": {
        "BoxNumber : 0 : Rotate": [
            0.0,
            0.0,
            0.0,
            1.0
        ],
        "BoxNumber : 0 : Scale": [
            1.0,
            1.0,
            1.0
        ],
        "BoxNumber : 0 : Translate": [
            -3.4000000953674316,
            0.4000000059604645,
            -25.0
        ],
        "BoxNumber : 1 : Rotate": [
            0.0,
            -0.05843522027134895,
            0.0,
            0.9982911944389343
        ],
        "BoxNumber : 1 : Scale": [
            1.0,
            1.5,
            1.0
        ],
        "BoxNumber : 1 : Translate": [
            0.800000011920929,
            0.0,
            0.0
        ],
        "BoxNumber : 2 : Rotate": [
            0.0,
            0.0,
            0.0,
            1.0
        ],
        "BoxNumber : 2 : Scale": [
            1.0,
            1.0,
            1.0
        ],
        "BoxNumber : 2 : Translate": [
            4.099999904632568,
            0.0,
            0.0
        ],
        "BoxNumber : 3 : Rotate": [
            0.0,
            -0.08280820399522781,
            0.0,
            0.9965655207633972
        ],
        "BoxNumber : 3 : Scale": [
            1.0,
            1.0,
            1.0
        ],
        "BoxNumber : 3 : Translate": [
            4.099999904632568,
            2.0,
            0.0
        ],
        "BoxNumber : 4 : Rotate": [
            0.0,
            0.0,
            0.0,
            1.0
        ],
        "BoxNumber : 4 : Scale": [
            1.0,
            1.0,
            1.0
        ],
        "BoxNumber : 4 : Translate": [
            -12.300000190734863,
            -1.100000023841858,
            0.0
        ],
        "Confirmation": 5
    }
}
