{
     "a": {
          "BoxNumber : 0 : Rotate": [
               0.0,
               0.044491201639175415,
               0.0,
               0.9990097880363464
          ],
          "BoxNumber : 0 : Scale": [
               1.0,
               1.0,
               1.0
          ],
          "BoxNumber : 0 : Translate": [
               7.599999904632568,
               0.0,
               0.0
          ],
          "BoxNumber : 1 : Rotate": [
               -0.002126873703673482,
               0.05665287375450134,
               0.03745543584227562,
               0.9976888298988342
          ],
          "BoxNumber : 1 : Scale": [
               1.0,
               1.0,
               1.0
          ],
          "BoxNumber : 1 : Translate": [
               7.599999904632568,
               3.9000000953674316,
               0.0
          ],
          "BoxNumber : 2 : Rotate": [
               0.024826671928167343,
               0.05851554498076439,
               0.035883888602256775,
               0.9973323345184326
          ],
          "BoxNumber : 2 : Scale": [
               1.0,
               1.0,
               1.0
          ],
          "BoxNumber : 2 : Translate": [
               7.599999904632568,
               -3.5,
               0.0
          ],
          "BoxNumber : 3 : Rotate": [
               -0.09452581405639648,
               -0.0403265506029129,
               -0.09369682520627975,
               0.9902824759483337
          ],
          "BoxNumber : 3 : Scale": [
               1.0,
               1.0,
               1.0
          ],
          "BoxNumber : 3 : Translate": [
               3.5999999046325684,
               -3.5,
               0.0
          ],
          "BoxNumber : 4 : Rotate": [
               0.0,
               0.0,
               0.0,
               1.0
          ],
          "BoxNumber : 4 : Scale": [
               1.0,
               1.0,
               1.0
          ],
          "BoxNumber : 4 : Translate": [
               2.4000000953674316,
               0.4000000059604645,
               0.0
          ],
          "BoxNumber : 5 : Rotate": [
               0.0,
               0.0,
               0.0,
               1.0
          ],
          "BoxNumber : 5 : Scale": [
               1.0,
               1.0,
               1.0
          ],
          "BoxNumber : 5 : Translate": [
               -1.5,
               -3.5,
               0.0
          ],
          "Confirmation : ": 6
     }
}
