{
     "b": {
          "BoxNumber : 0 : Rotate": [
               0.0,
               0.0,
               -1.486272503825603e-05,
               1.0
          ],
          "BoxNumber : 0 : Scale": [
               1.0,
               1.0,
               1.0
          ],
          "BoxNumber : 0 : Translate": [
               2.200000047683716,
               0.0,
               -25.600000381469727
          ],
          "BoxNumber : 1 : Rotate": [
               0.0,
               -0.05843522027134895,
               0.0,
               0.9982911944389343
          ],
          "BoxNumber : 1 : Scale": [
               1.0,
               1.5,
               1.0
          ],
          "BoxNumber : 1 : Translate": [
               0.800000011920929,
               0.0,
               0.0
          ],
          "BoxNumber : 2 : Rotate": [
               -0.033155180513858795,
               0.0,
               0.0,
               0.9994502067565918
          ],
          "BoxNumber : 2 : Scale": [
               1.0,
               1.0,
               1.0
          ],
          "BoxNumber : 2 : Translate": [
               4.099999904632568,
               0.0,
               0.0
          ],
          "BoxNumber : 3 : Rotate": [
               0.11092837154865265,
               0.04861840978264809,
               0.041826728731393814,
               0.9917568564414978
          ],
          "BoxNumber : 3 : Scale": [
               1.0,
               1.0,
               1.0
          ],
          "BoxNumber : 3 : Translate": [
               4.099999904632568,
               4.400000095367432,
               0.0
          ],
          "BoxNumber : 4 : Rotate": [
               0.0,
               0.0,
               0.0,
               1.0
          ],
          "BoxNumber : 4 : Scale": [
               1.0,
               1.0,
               1.0
          ],
          "BoxNumber : 4 : Translate": [
               4.099999904632568,
               -1.100000023841858,
               0.0
          ],
          "Confirmation : ": 5
     }
}
