{
     "Stage5": {
          "BoxConfirmation": 7,
          "BoxNumber : 0 : Rotate": [
               0.0,
               0.0,
               0.0,
               1.0
          ],
          "BoxNumber : 0 : Scale": [
               15.0,
               5.0,
               15.0
          ],
          "BoxNumber : 0 : Translate": [
               0.0,
               -5.0,
               0.0
          ],
          "BoxNumber : 1 : Rotate": [
               0.0,
               0.0,
               0.0,
               1.0
          ],
          "BoxNumber : 1 : Scale": [
               5.0,
               5.0,
               5.0
          ],
          "BoxNumber : 1 : Translate": [
               0.0,
               -0.20000000298023224,
               0.0
          ],
          "BoxNumber : 2 : Rotate": [
               0.0,
               0.3826834559440613,
               0.0,
               0.9238795042037964
          ],
          "BoxNumber : 2 : Scale": [
               10.0,
               5.0,
               10.0
          ],
          "BoxNumber : 2 : Translate": [
               0.0,
               14.100000381469727,
               10.0
          ],
          "BoxNumber : 3 : Rotate": [
               0.0,
               0.0,
               0.0,
               1.0
          ],
          "BoxNumber : 3 : Scale": [
               15.0,
               5.0,
               15.0
          ],
          "BoxNumber : 3 : Translate": [
               0.0,
               22.0,
               25.0
          ],
          "BoxNumber : 4 : Rotate": [
               0.0,
               0.3826834559440613,
               0.0,
               0.9238795042037964
          ],
          "BoxNumber : 4 : Scale": [
               15.0,
               15.0,
               5.0
          ],
          "BoxNumber : 4 : Translate": [
               -20.0,
               16.0,
               -10.0
          ],
          "BoxNumber : 5 : Rotate": [
               0.0,
               0.0,
               0.0,
               1.0
          ],
          "BoxNumber : 5 : Scale": [
               15.0,
               5.0,
               15.0
          ],
          "BoxNumber : 5 : Translate": [
               -25.0,
               2.0,
               -17.0
          ],
          "BoxNumber : 6 : Rotate": [
               0.0,
               0.0,
               0.0,
               1.0
          ],
          "BoxNumber : 6 : Scale": [
               5.0,
               15.0,
               15.0
          ],
          "BoxNumber : 6 : Translate": [
               20.0,
               17.5,
               10.0
          ],
          "CollectConfirmation": 38,
          "CollectNumber : 0 : Rotate": [
               0.0,
               0.0,
               0.0,
               1.0
          ],
          "CollectNumber : 0 : Scale": [
               1.0,
               1.0,
               1.0
          ],
          "CollectNumber : 0 : Translate": [
               0.0,
               5.0,
               0.0
          ],
          "CollectNumber : 1 : Rotate": [
               0.0,
               0.0,
               0.0,
               1.0
          ],
          "CollectNumber : 1 : Scale": [
               1.0,
               1.0,
               1.0
          ],
          "CollectNumber : 1 : Translate": [
               5.0,
               2.0,
               0.0
          ],
          "CollectNumber : 10 : Rotate": [
               0.0,
               0.0,
               0.0,
               1.0
          ],
          "CollectNumber : 10 : Scale": [
               1.0,
               1.0,
               1.0
          ],
          "CollectNumber : 10 : Translate": [
               0.0,
               10.0,
               10.0
          ],
          "CollectNumber : 11 : Rotate": [
               0.0,
               0.0,
               0.0,
               1.0
          ],
          "CollectNumber : 11 : Scale": [
               1.0,
               1.0,
               1.0
          ],
          "CollectNumber : 11 : Translate": [
               4.5,
               11.0,
               6.0
          ],
          "CollectNumber : 12 : Rotate": [
               0.0,
               0.0,
               0.0,
               1.0
          ],
          "CollectNumber : 12 : Scale": [
               1.0,
               1.0,
               1.0
          ],
          "CollectNumber : 12 : Translate": [
               4.5,
               14.5,
               6.0
          ],
          "CollectNumber : 13 : Rotate": [
               0.0,
               0.0,
               0.0,
               1.0
          ],
          "CollectNumber : 13 : Scale": [
               1.0,
               1.0,
               1.0
          ],
          "CollectNumber : 13 : Translate": [
               4.5,
               17.5,
               6.0
          ],
          "CollectNumber : 14 : Rotate": [
               0.0,
               0.0,
               0.0,
               1.0
          ],
          "CollectNumber : 14 : Scale": [
               1.0,
               1.0,
               1.0
          ],
          "CollectNumber : 14 : Translate": [
               0.0,
               18.0,
               10.0
          ],
          "CollectNumber : 15 : Rotate": [
               0.0,
               0.0,
               0.0,
               1.0
          ],
          "CollectNumber : 15 : Scale": [
               1.0,
               1.0,
               1.0
          ],
          "CollectNumber : 15 : Translate": [
               0.0,
               18.0,
               20.0
          ],
          "CollectNumber : 16 : Rotate": [
               0.0,
               0.0,
               0.0,
               1.0
          ],
          "CollectNumber : 16 : Scale": [
               1.0,
               1.0,
               1.0
          ],
          "CollectNumber : 16 : Translate": [
               0.0,
               15.0,
               20.0
          ],
          "CollectNumber : 17 : Rotate": [
               0.0,
               0.0,
               0.0,
               1.0
          ],
          "CollectNumber : 17 : Scale": [
               1.0,
               1.0,
               1.0
          ],
          "CollectNumber : 17 : Translate": [
               0.0,
               12.0,
               20.0
          ],
          "CollectNumber : 18 : Rotate": [
               0.0,
               0.0,
               0.0,
               1.0
          ],
          "CollectNumber : 18 : Scale": [
               1.0,
               1.0,
               1.0
          ],
          "CollectNumber : 18 : Translate": [
               0.0,
               22.0,
               17.0
          ],
          "CollectNumber : 19 : Rotate": [
               0.0,
               0.0,
               0.0,
               1.0
          ],
          "CollectNumber : 19 : Scale": [
               1.0,
               1.0,
               1.0
          ],
          "CollectNumber : 19 : Translate": [
               0.0,
               22.0,
               15.0
          ],
          "CollectNumber : 2 : Rotate": [
               0.0,
               0.0,
               0.0,
               1.0
          ],
          "CollectNumber : 2 : Scale": [
               1.0,
               1.0,
               1.0
          ],
          "CollectNumber : 2 : Translate": [
               -5.0,
               2.0,
               0.0
          ],
          "CollectNumber : 20 : Rotate": [
               0.0,
               0.0,
               0.0,
               1.0
          ],
          "CollectNumber : 20 : Scale": [
               1.0,
               1.0,
               1.0
          ],
          "CollectNumber : 20 : Translate": [
               -5.0,
               22.0,
               15.0
          ],
          "CollectNumber : 21 : Rotate": [
               0.0,
               0.0,
               0.0,
               1.0
          ],