{
    "Stage": {
        "BoxNumber : 0 : Scale": [
            1.0,
            1.0,
            1.0
        ],
        "BoxNumber : 0 : Translate": [
            4.5,
            0.0,
            0.0
        ],
        "BoxNumber : 1 : Scale": [
            1.0,
            1.0,
            1.0
        ],
        "BoxNumber : 1 : Translate": [
            7.300000190734863,
            0.0,
            0.0
        ],
        "BoxNumber : 2 : Scale": [
            1.0,
            1.0,
            1.0
        ],
        "BoxNumber : 2 : Translate": [
            9.199999809265137,
            0.0,
            0.0
        ],
        "BoxNumber : 3 : Scale": [
            1.0,
            1.0,
            1.0
        ],
        "BoxNumber : 3 : Translate": [
            2.700000047683716,
            0.0,
            0.0
        ],
        "BoxNumber : 4 : Scale": [
            1.0,
            1.0,
            1.0
        ],
        "BoxNumber : 4 : Translate": [
            0.800000011920929,
            0.0,
            0.0
        ],
        "BoxNumber : 5 : Scale": [
            1.0,
            1.0,
            1.0
        ],
        "BoxNumber : 5 : Translate": [
            -1.100000023841858,
            0.0,
            0.0
        ],
        "Confirmation : ": 6
    }
}
